"Saturday, March 1, 2025",Mcl,Car,LGV,Bus,R2X,R3X,R4+X,A4-X,A5X,A6+X,AT5-X,AT6X,AT7+X,UC,CarLGV+T,Rigid+T,,
00:00:00,0,1,0,0,0,0,0,0,0,0,0,0,0,0,0,0,,
01:00:00,0,0,1,0,1,0,0,0,0,0,0,0,0,0,0,0,,
02:00:00,0,0,0,0,0,0,0,0,0,0,0,0,1,0,0,0,,
03:00:00,0,0,1,0,0,0,0,0,0,0,0,0,0,0,0,0,,
04:00:00,0,0,1,0,0,0,0,0,1,0,0,0,1,0,0,0,,
05:00:00,0,10,3,0,0,2,0,0,0,0,0,0,1,0,0,0,,
06:00:00,0,8,7,0,0,0,0,0,0,0,0,0,2,0,0,0,,
07:00:00,0,4,4,0,2,2,0,0,1,0,0,0,6,1,0,0,,
08:00:00,0,2,3,0,0,0,0,0,0,0,0,0,7,0,0,0,,
09:00:00,0,1,1,0,1,1,0,0,1,0,0,0,5,1,0,0,,
10:00:00,0,1,5,0,0,0,0,0,0,0,0,0,10,0,0,0,,
11:00:00,0,2,1,0,1,1,0,0,1,0,0,0,5,0,0,0,,
12:00:00,0,2,2,0,1,0,0,0,0,0,0,0,4,0,0,0,,
13:00:00,0,5,3,0,0,1,0,0,0,0,0,0,4,0,0,0,,
14:00:00,0,1,0,0,0,0,0,0,0,0,0,0,5,0,0,0,,
15:00:00,0,0,2,0,0,0,0,0,0,0,0,0,2,0,0,0,,
16:00:00,0,0,1,0,0,0,0,0,0,0,0,0,1,0,0,0,,
17:00:00,0,4,5,0,0,0,0,0,0,0,0,0,2,0,0,0,,
18:00:00,0,0,0,0,0,0,0,0,0,0,0,0,0,0,0,0,,
19:00:00,0,1,3,0,0,1,0,0,0,1,0,0,2,0,0,0,,
20:00:00,0,1,0,0,0,0,0,0,0,0,0,0,1,0,0,0,,
21:00:00,0,2,1,0,1,0,0,0,0,0,0,0,0,0,0,0,,
22:00:00,0,0,0,0,0,0,0,0,0,0,0,0,0,0,0,0,,
23:00:00,0,0,1,0,0,0,0,0,0,0,0,0,0,0,0,0,,
"Sunday, March 2, 2025",Mcl,Car,LGV,Bus,R2X,R3X,R4+X,A4-X,A5X,A6+X,AT5-X,AT6X,AT7+X,UC,CarLGV+T,Rigid+T,,
00:00:00,0,1,0,0,0,0,0,0,0,0,0,0,0,0,0,0,,
01:00:00,0,2,4,0,1,1,0,0,0,0,0,0,0,0,0,0,,
02:00:00,0,1,2,0,0,0,0,0,0,0,0,0,0,0,0,0,,
03:00:00,0,2,5,0,0,0,0,0,0,0,0,0,0,0,0,0,,
04:00:00,0,2,4,0,0,0,0,0,0,0,0,0,1,0,0,0,,
05:00:00,0,20,22,0,2,0,0,0,0,0,0,0,0,0,0,0,,
06:00:00,0,50,74,0,6,0,0,0,0,0,0,0,1,1,0,0,,
07:00:00,0,17,7,0,2,14,0,0,2,0,0,0,4,0,0,0,,
08:00:00,0,4,3,0,1,11,0,1,28,6,0,0,1,1,0,0,,
09:00:00,0,11,10,0,1,4,0,1,44,5,0,0,3,3,0,0,,
10:00:00,0,5,6,0,0,25,0,3,22,8,0,0,4,2,0,0,,
11:00:00,0,10,13,0,0,25,0,1,14,6,0,0,7,1,0,0,,
12:00:00,0,24,38,0,3,35,0,0,4,6,0,0,4,0,0,0,,
13:00:00,0,7,3,0,0,38,0,0,16,5,0,0,3,2,0,0,,
14:00:00,0,5,5,0,1,37,0,0,18,3,0,0,5,0,0,0,,
15:00:00,0,6,11,0,1,29,0,0,21,0,0,0,3,2,0,0,,
16:00:00,0,3,6,0,0,27,0,0,14,2,0,0,3,1,0,0,,
17:00:00,0,5,6,0,0,25,0,0,0,0,0,0,0,0,0,0,,
18:00:00,0,13,25,0,2,1,0,0,0,1,0,0,1,0,0,0,,
19:00:00,0,3,5,0,0,2,0,0,0,0,0,0,1,0,0,0,,
20:00:00,0,3,5,0,2,1,0,0,0,0,0,0,0,0,0,0,,
21:00:00,0,2,0,0,0,2,0,0,0,0,0,0,0,0,0,0,,
22:00:00,0,2,1,0,0,1,0,0,0,0,0,0,0,0,0,0,,
23:00:00,0,1,0,0,0,0,0,0,0,0,0,0,0,0,0,0,,
"Saturday, March 3, 2025",Mcl,Car,LGV,Bus,R2X,R3X,R4+X,A4-X,A5X,A6+X,AT5-X,AT6X,AT7+X,UC,CarLGV+T,Rigid+T,,
00:00:00,0,0,1,0,0,0,0,0,0,0,0,0,1,0,0,0,,
01:00:00,0,0,0,0,0,0,0,0,0,0,0,0,0,0,0,0,,
02:00:00,0,0,0,0,0,1,0,0,0,0,0,0,1,0,0,0,,
03:00:00,0,0,0,0,0,1,0,0,0,0,0,0,0,0,0,0,,
04:00:00,0,2,2,0,0,1,0,0,0,0,0,0,2,0,0,0,,
05:00:00,0,20,14,0,0,2,0,0,1,0,0,0,3,0,0,0,,
06:00:00,0,22,27,0,5,8,0,0,0,0,0,0,3,0,0,0,,
07:00:00,0,33,29,0,7,26,0,0,10,1,0,0,5,2,0,0,,
08:00:00,0,24,14,0,0,9,0,3,26,3,0,0,5,0,0,1,,
09:00:00,0,9,12,0,3,11,0,1,25,6,0,0,4,5,0,0,,
10:00:00,0,8,10,2,2,15,0,3,30,6,0,0,3,1,0,0,,
11:00:00,0,9,14,0,12,7,0,3,16,3,0,0,6,2,0,0,,
12:00:00,0,29,21,0,3,11,0,1,19,6,0,0,4,0,0,0,,
13:00:00,0,12,14,0,4,14,0,3,34,3,0,0,4,1,0,0,,
14:00:00,0,17,10,0,3,10,0,2,25,7,0,0,5,3,0,0,,
15:00:00,0,4,7,0,2,8,0,0,31,4,0,0,5,0,0,1,,
16:00:00,0,6,6,1,0,2,0,2,21,3,0,0,3,0,0,0,,
17:00:00,0,11,4,0,0,2,0,0,0,0,0,0,3,0,0,0,,
18:00:00,0,0,3,0,0,1,0,0,0,0,0,0,3,0,0,0,,
19:00:00,0,1,3,0,0,0,0,0,0,0,0,0,1,0,0,0,,
20:00:00,0,1,3,0,0,1,0,0,0,0,0,0,1,0,0,0,,
21:00:00,0,0,1,0,0,1,0,0,0,0,0,0,1,0,0,0,,
22:00:00,0,2,4,0,0,1,0,0,0,0,0,0,1,0,0,0,,
23:00:00,0,0,0,0,0,0,0,0,0,0,0,0,0,0,0,0,,
"Saturday, March 4, 2025",Mcl,Car,LGV,Bus,R2X,R3X,R4+X,A4-X,A5X,A6+X,AT5-X,AT6X,AT7+X,UC,CarLGV+T,Rigid+T,,
00:00:00,0,0,0,0,0,0,0,0,0,0,0,0,1,0,0,0,,
01:00:00,0,1,0,0,0,0,0,0,2,0,0,0,1,0,0,0,,
02:00:00,0,0,3,0,0,0,0,0,0,0,0,0,1,0,0,0,,
03:00:00,0,0,0,0,0,0,0,0,0,0,0,0,1,0,0,0,,
04:00:00,0,3,3,0,1,1,0,0,1,0,0,0,1,0,0,0,,
05:00:00,0,22,35,0,3,0,0,0,1,0,0,0,2,0,0,0,,
06:00:00,0,54,79,0,10,7,0,0,1,0,0,0,3,0,0,0,,
07:00:00,0,41,49,0,6,13,0,0,8,1,0,0,4,0,0,0,,
08:00:00,0,24,22,0,2,11,0,2,26,6,0,0,3,2,0,0,,
09:00:00,0,8,19,1,3,13,0,4,32,5,0,0,7,2,0,0,,
10:00:00,0,7,11,0,5,13,0,3,33,4,0,0,6,2,0,0,,
11:00:00,0,12,14,0,5,16,0,2,23,4,0,0,7,2,0,0,,
12:00:00,0,24,45,0,10,18,0,3,14,3,0,0,4,2,0,0,,
13:00:00,0,15,11,0,4,23,0,1,28,3,0,0,3,3,0,0,,
14:00:00,0,12,12,1,4,21,0,0,20,5,0,0,6,5,0,0,,
15:00:00,0,7,14,1,0,11,0,0,32,5,0,0,3,6,0,0,,
16:00:00,0,1,10,0,1,23,0,0,28,1,0,0,6,0,0,0,,
17:00:00,0,11,10,0,4,10,0,0,3,1,0,0,2,0,0,0,,
18:00:00,0,14,20,0,0,1,0,0,1,0,0,0,2,0,0,0,,
19:00:00,0,2,7,0,0,3,0,0,0,0,0,0,2,0,0,0,,
20:00:00,0,3,2,0,0,0,0,0,0,0,0,0,1,0,0,0,,
21:00:00,0,2,1,0,0,0,0,0,0,0,0,0,0,0,0,0,,
22:00:00,0,1,5,0,0,0,0,0,0,1,0,0,0,0,0,0,,
23:00:00,0,1,0,0,0,1,0,0,1,0,0,0,0,0,0,0,,
"Saturday, March 5, 2025",Mcl,Car,LGV,Bus,R2X,R3X,R4+X,A4-X,A5X,A6+X,AT5-X,AT6X,AT7+X,UC,CarLGV+T,Rigid+T,,
00:00:00,0,0,1,0,0,0,0,0,0,0,0,0,0,0,0,0,,
01:00:00,0,0,3,0,0,0,0,0,0,0,0,0,0,0,0,0,,
02:00:00,0,0,0,0,0,1,0,0,0,0,0,0,0,0,0,0,,
03:00:00,0,0,0,0,0,0,0,0,0,0,0,0,0,0,0,0,,
04:00:00,0,3,1,0,1,0,0,0,0,0,0,0,1,0,0,0,,
05:00:00,0,16,17,0,1,0,0,0,1,0,0,0,4,0,0,0,,
06:00:00,0,22,22,0,5,2,0,0,0,3,0,0,2,0,0,0,,
07:00:00,0,44,37,0,4,31,0,1,14,0,0,0,8,0,0,0,,
08:00:00,0,28,21,0,2,10,0,0,27,6,0,0,4,2,0,0,,
09:00:00,0,8,19,1,5,8,0,2,26,2,0,0,4,1,0,0,,
10:00:00,0,5,10,0,3,4,0,1,28,4,0,0,8,3,0,0,,
11:00:00,0,15,13,1,6,6,0,3,20,2,0,0,10,0,0,0,,
12:00:00,0,16,28,0,5,3,0,0,18,6,0,0,5,1,0,0,,
13:00:00,0,10,11,0,5,3,0,2,36,7,0,0,5,1,0,0,,
14:00:00,0,17,15,0,2,4,0,1,40,6,0,0,9,2,0,0,,
15:00:00,0,7,5,1,3,4,0,1,34,5,0,0,1,2,0,0,,
16:00:00,0,3,2,0,2,4,0,0,19,1,0,0,3,0,0,0,,
17:00:00,0,8,5,0,1,0,0,0,0,0,0,0,3,0,0,0,,
18:00:00,0,0,4,0,0,1,0,0,2,0,0,0,0,0,0,0,,
19:00:00,0,0,1,0,0,0,0,0,2,0,0,0,1,0,0,0,,
20:00:00,0,4,2,0,0,1,0,0,0,0,0,0,0,0,0,0,,
21:00:00,0,0,3,0,0,0,0,0,0,0,0,0,0,0,0,0,,
22:00:00,0,1,3,0,2,1,0,0,0,0,0,0,1,0,0,0,,
23:00:00,0,0,0,0,1,0,0,0,0,0,0,0,1,0,0,0,,
"Saturday, March 6, 2025",Mcl,Car,LGV,Bus,R2X,R3X,R4+X,A4-X,A5X,A6+X,AT5-X,AT6X,AT7+X,UC,CarLGV+T,Rigid+T,,
00:00:00,0,2,0,0,0,0,0,0,0,0,0,0,0,0,0,0,,
01:00:00,0,1,2,0,0,0,0,0,0,0,0,0,0,0,0,0,,
02:00:00,0,0,0,0,0,0,0,0,0,0,0,0,0,0,0,0,,
03:00:00,0,0,0,0,0,1,0,0,0,0,0,0,2,0,0,0,,
04:00:00,0,4,1,0,1,0,0,0,0,1,0,0,1,0,0,0,,
05:00:00,0,12,20,0,0,2,0,0,0,0,0,0,3,0,0,0,,
06:00:00,0,19,21,0,2,1,0,0,0,0,0,0,4,0,0,0,,
07:00:00,0,43,38,0,3,4,0,0,2,1,0,0,7,2,0,0,,
08:00:00,0,14,13,0,7,5,0,1,23,4,0,0,5,3,0,0,,
09:00:00,0,3,12,0,4,5,0,2,27,1,0,0,4,1,0,0,,
10:00:00,0,7,10,0,11,4,0,1,31,3,0,0,7,1,0,0,,
11:00:00,0,11,17,0,7,3,0,1,21,5,0,0,7,2,0,0,,
12:00:00,0,22,32,0,3,3,0,0,17,2,0,0,5,0,0,0,,
13:00:00,0,15,14,0,1,4,0,1,23,5,0,0,6,1,0,0,,
14:00:00,0,16,8,1,1,2,0,1,29,7,0,0,6,2,0,0,,
15:00:00,0,5,10,0,3,0,0,1,32,2,0,0,3,2,0,0,,
16:00:00,0,2,3,0,2,0,0,0,16,4,0,0,0,1,0,0,,
17:00:00,0,9,4,0,1,0,0,0,0,0,0,0,2,0,0,0,,
18:00:00,0,3,4,0,0,2,0,0,0,0,0,0,2,0,0,0,,
19:00:00,0,0,2,0,0,1,0,0,0,0,0,0,1,0,0,0,,
20:00:00,0,4,4,0,2,0,0,0,1,0,0,0,1,0,0,0,,
21:00:00,0,1,3,0,0,1,0,0,0,0,0,0,0,0,0,0,,
22:00:00,0,1,4,0,0,0,0,0,0,0,0,0,0,0,0,0,,
23:00:00,0,1,0,0,0,0,0,0,1,0,0,0,1,0,0,0,,
"Saturday, March 7, 2025",Mcl,Car,LGV,Bus,R2X,R3X,R4+X,A4-X,A5X,A6+X,AT5-X,AT6X,AT7+X,UC,CarLGV+T,Rigid+T,,
00:00:00,0,0,0,0,0,0,0,0,0,0,0,0,0,0,0,0,,
01:00:00,0,0,2,0,0,0,0,0,0,0,0,0,0,0,0,0,,
02:00:00,0,0,0,0,0,0,0,0,0,0,0,0,0,0,0,0,,
03:00:00,0,0,0,0,0,0,0,0,0,1,0,0,1,0,0,0,,
04:00:00,0,3,0,0,0,1,0,0,0,0,0,0,0,0,0,0,,
05:00:00,0,10,13,0,0,1,0,0,0,0,0,0,2,0,0,0,,
06:00:00,0,22,22,0,7,0,0,0,0,0,0,0,4,0,0,0,,
07:00:00,0,39,39,0,3,0,0,0,6,0,0,0,7,1,0,0,,
08:00:00,0,19,20,0,0,10,0,1,25,2,0,0,5,3,0,0,,
09:00:00,0,13,11,0,1,2,0,0,29,3,0,0,12,4,0,0,,
10:00:00,0,6,16,0,1,3,0,0,25,4,0,0,3,1,0,0,,
11:00:00,0,11,10,0,4,4,0,0,22,3,0,0,11,2,0,0,,
12:00:00,0,25,23,0,4,1,0,1,14,3,0,0,4,0,0,0,,
13:00:00,0,14,12,0,1,1,0,0,30,4,0,0,5,2,0,0,,
14:00:00,0,8,14,0,4,3,0,0,26,2,0,0,5,1,0,0,,
15:00:00,0,9,6,0,2,2,0,1,26,2,0,0,3,1,0,0,,
16:00:00,0,4,1,0,1,1,0,1,20,1,0,0,3,1,0,0,,
17:00:00,0,7,4,0,0,0,0,0,0,1,0,0,2,0,0,0,,
18:00:00,0,2,1,0,1,0,0,0,1,0,0,0,2,0,0,0,,
19:00:00,0,2,1,0,0,0,0,0,0,0,0,0,1,0,0,0,,
20:00:00,0,4,1,0,0,0,0,0,0,0,0,0,0,0,0,0,,
21:00:00,0,0,0,0,1,1,0,0,0,0,0,0,0,0,0,0,,
22:00:00,0,2,0,0,0,1,0,0,0,0,0,0,0,0,0,0,,
23:00:00,0,1,1,0,0,0,0,0,0,0,0,0,0,0,0,0,,
"Saturday, March 8, 2025",Mcl,Car,LGV,Bus,R2X,R3X,R4+X,A4-X,A5X,A6+X,AT5-X,AT6X,AT7+X,UC,CarLGV+T,Rigid+T,,
00:00:00,0,0,0,0,0,0,0,0,0,0,0,0,0,0,0,0,,
01:00:00,0,1,2,0,0,0,0,0,0,0,0,0,0,0,0,0,,
02:00:00,0,0,0,0,0,0,0,0,0,0,0,0,0,0,0,0,,
03:00:00,0,0,0,0,0,0,0,0,0,0,0,0,1,0,0,0,,
04:00:00,0,1,0,0,0,0,0,0,1,0,0,0,2,0,0,0,,
05:00:00,0,9,7,0,0,0,0,0,0,0,0,0,1,0,0,0,,
06:00:00,0,8,6,0,3,1,0,0,0,0,0,0,3,0,0,0,,
07:00:00,0,1,4,0,2,0,0,0,0,0,0,0,5,0,0,0,,
08:00:00,0,7,10,0,0,0,0,0,0,1,0,0,3,0,0,0,,
09:00:00,0,1,11,0,1,0,0,0,0,0,0,0,6,0,0,0,,
10:00:00,0,1,1,0,0,1,0,0,0,0,0,0,7,1,0,0,,
11:00:00,0,1,3,0,0,0,0,0,0,1,0,0,7,0,0,0,,
12:00:00,0,2,5,0,1,0,0,0,0,0,0,0,4,0,0,0,,
13:00:00,0,0,3,0,0,1,0,0,0,0,0,0,5,0,0,0,,
14:00:00,0,0,4,0,1,0,0,0,0,0,0,0,6,0,0,0,,
15:00:00,0,2,4,0,0,1,0,0,0,0,0,0,5,1,0,0,,
16:00:00,0,0,2,0,1,0,0,0,0,1,0,0,4,0,0,0,,
17:00:00,0,6,4,0,0,0,0,0,0,0,0,0,2,0,0,0,,
18:00:00,0,2,0,0,0,0,0,0,0,0,0,0,1,0,0,0,,
19:00:00,0,0,1,0,1,0,0,0,0,0,0,0,0,0,0,0,,
20:00:00,0,2,2,0,0,0,0,0,0,0,0,0,0,0,0,0,,
21:00:00,0,1,3,0,0,0,0,0,0,0,0,0,0,0,0,0,,
22:00:00,0,2,8,0,0,0,0,0,0,0,0,0,0,0,0,0,,
23:00:00,0,2,1,0,0,0,0,0,0,0,0,0,0,0,0,0,,
"Saturday, March 9, 2025",Mcl,Car,LGV,Bus,R2X,R3X,R4+X,A4-X,A5X,A6+X,AT5-X,AT6X,AT7+X,UC,CarLGV+T,Rigid+T,,
00:00:00,0,3,1,0,0,0,0,0,0,0,0,0,0,0,0,0,,
01:00:00,0,1,1,0,0,0,0,0,0,0,0,0,0,0,0,0,,
02:00:00,0,0,0,0,0,0,0,0,0,0,0,0,0,0,0,0,,
03:00:00,0,2,8,0,1,0,0,0,0,0,0,0,0,0,0,0,,
04:00:00,0,1,2,0,0,0,0,0,1,0,0,0,0,0,0,0,,
05:00:00,0,16,19,0,1,0,0,0,0,0,0,0,0,0,0,1,,
06:00:00,0,21,28,0,3,0,0,0,0,0,0,0,0,4,0,0,,
07:00:00,0,23,9,0,2,17,0,0,1,0,0,0,4,0,0,0,,
08:00:00,0,4,7,0,0,13,0,0,19,7,0,0,2,0,0,0,,
09:00:00,0,6,7,0,1,8,0,2,30,7,0,0,5,3,0,0,,
10:00:00,0,4,5,0,0,11,0,1,23,10,0,0,7,4,0,0,,
11:00:00,0,11,12,0,1,25,0,0,24,5,0,0,3,0,0,0,,
12:00:00,0,26,43,0,4,20,0,1,6,5,0,0,1,0,0,0,,
13:00:00,0,9,5,0,2,33,0,0,23,4,0,0,4,0,0,0,,
14:00:00,0,3,6,0,1,41,0,0,17,1,0,0,2,1,0,0,,
15:00:00,0,4,7,0,0,29,0,0,18,0,0,0,4,0,0,0,,
16:00:00,0,3,2,0,0,37,0,0,17,1,0,0,4,0,0,0,,
17:00:00,0,10,10,0,3,15,0,0,1,0,0,0,1,1,0,0,,
18:00:00,0,12,27,0,1,1,0,0,0,0,0,0,1,0,0,0,,
19:00:00,0,2,5,1,0,2,0,0,1,0,0,0,0,0,0,0,,
20:00:00,0,5,6,0,1,1,0,0,0,0,0,0,0,0,0,0,,
21:00:00,0,0,2,0,0,1,0,0,0,0,0,0,1,0,0,0,,
22:00:00,0,0,2,0,0,0,0,0,0,0,0,0,0,0,0,0,,
23:00:00,0,0,1,0,1,0,0,0,0,0,0,0,0,0,0,0,,
"Saturday, March 10, 2025",Mcl,Car,LGV,Bus,R2X,R3X,R4+X,A4-X,A5X,A6+X,AT5-X,AT6X,AT7+X,UC,CarLGV+T,Rigid+T,,
00:00:00,0,0,1,0,0,0,0,0,0,0,0,0,0,0,0,0,,
01:00:00,0,1,1,0,0,0,0,0,0,0,0,0,1,0,0,0,,
02:00:00,0,0,0,0,0,1,0,0,0,0,0,0,3,0,0,0,,
03:00:00,0,0,1,0,0,0,0,0,1,0,0,0,0,0,0,0,,
04:00:00,0,1,2,0,0,0,0,0,0,0,0,0,0,0,0,0,,
05:00:00,0,15,12,0,1,0,0,0,0,1,0,0,1,0,1,0,,
06:00:00,0,21,21,0,7,3,0,0,1,0,0,0,1,0,0,0,,
07:00:00,0,23,15,0,1,20,0,0,3,1,0,0,5,4,0,0,,
08:00:00,0,8,12,0,3,7,0,0,10,2,0,0,4,0,0,0,,
09:00:00,0,10,8,0,3,8,0,2,15,3,0,0,4,1,0,1,,
10:00:00,0,8,6,0,3,4,0,3,29,1,0,0,3,0,0,0,,
11:00:00,0,10,14,0,3,5,0,1,18,6,0,0,6,4,0,0,,
12:00:00,0,19,18,0,5,2,0,2,11,3,0,0,5,2,0,0,,
13:00:00,0,12,14,0,3,7,0,0,16,1,0,0,5,1,0,0,,
14:00:00,0,13,12,0,6,12,0,1,27,3,0,0,4,1,0,0,,
15:00:00,0,9,6,0,4,4,0,2,28,5,0,0,5,0,0,0,,
16:00:00,0,3,7,0,1,2,0,0,23,3,0,0,3,0,0,0,,
17:00:00,0,5,5,0,1,0,0,0,0,0,0,0,3,0,0,0,,
18:00:00,0,1,3,0,0,0,0,0,0,0,0,0,2,0,0,0,,
19:00:00,0,1,3,0,0,1,0,0,0,0,0,0,0,0,0,0,,
20:00:00,0,1,1,0,0,0,0,0,0,0,0,0,0,0,0,0,,
21:00:00,0,0,0,0,0,2,0,0,0,0,0,0,0,0,0,0,,
22:00:00,0,0,6,0,0,0,0,0,0,0,0,0,2,0,0,0,,
23:00:00,0,0,4,1,0,0,0,0,0,0,0,0,0,0,0,0,,
"Saturday, March 11, 2025",Mcl,Car,LGV,Bus,R2X,R3X,R4+X,A4-X,A5X,A6+X,AT5-X,AT6X,AT7+X,UC,CarLGV+T,Rigid+T,,
00:00:00,0,0,0,0,0,2,0,0,0,1,0,0,1,0,0,0,,
01:00:00,0,2,5,0,0,0,0,0,0,0,0,0,0,0,0,0,,
02:00:00,0,1,3,0,1,0,0,0,0,0,0,0,1,0,0,0,,
03:00:00,0,0,1,0,0,1,0,0,0,0,0,0,0,0,0,0,,
04:00:00,0,1,3,0,0,0,0,0,1,0,0,0,2,0,0,0,,
05:00:00,0,16,19,0,2,0,0,0,0,0,0,0,1,0,0,0,,
06:00:00,0,52,71,0,7,1,0,0,1,0,0,0,4,0,0,0,,
07:00:00,0,38,26,0,7,2,0,0,4,1,0,0,7,0,0,0,,
08:00:00,0,16,15,0,1,17,0,1,22,8,0,0,3,2,0,0,,
09:00:00,0,10,19,0,1,7,0,0,18,2,0,0,6,2,0,0,,
10:00:00,0,7,13,0,3,10,0,1,27,3,0,0,5,2,0,0,,
11:00:00,0,11,14,0,6,10,0,4,25,6,0,0,5,1,0,0,,
12:00:00,0,28,26,0,9,5,0,5,14,7,0,0,4,0,0,0,,
13:00:00,0,14,15,0,3,4,0,3,29,4,0,0,6,0,0,0,,
14:00:00,0,25,35,0,3,11,0,1,19,4,0,0,5,1,0,0,,
15:00:00,0,6,3,0,2,19,0,0,30,5,0,0,3,2,0,0,,
16:00:00,0,4,5,0,2,17,0,1,27,5,0,0,2,3,0,0,,
17:00:00,0,8,9,0,2,8,0,0,20,2,0,0,2,2,0,0,,
18:00:00,0,4,3,0,1,2,0,0,14,0,0,0,4,0,0,0,,
19:00:00,0,16,27,0,2,2,0,0,15,0,0,0,1,0,0,0,,
20:00:00,0,2,4,0,0,2,0,0,15,0,0,0,2,0,0,1,,
21:00:00,0,8,4,0,0,7,0,0,7,0,0,0,0,0,0,0,,
22:00:00,0,2,4,0,2,7,0,0,2,0,0,0,2,0,0,0,,
23:00:00,0,2,2,0,0,0,0,0,0,0,0,0,0,0,0,0,,
"Saturday, March 12, 2025",Mcl,Car,LGV,Bus,R2X,R3X,R4+X,A4-X,A5X,A6+X,AT5-X,AT6X,AT7+X,UC,CarLGV+T,Rigid+T,,
00:00:00,0,16,17,0,4,1,0,0,0,0,0,0,2,0,0,0,,
01:00:00,0,0,0,0,1,0,0,0,0,0,0,0,0,0,0,0,,
02:00:00,0,0,2,0,0,2,0,0,1,0,0,0,0,0,0,0,,
03:00:00,0,0,1,0,0,0,0,0,0,0,0,0,0,0,0,0,,
04:00:00,0,2,2,0,0,1,0,0,0,0,0,0,2,0,0,0,,
05:00:00,0,19,18,0,0,7,0,0,0,0,0,0,1,0,0,0,,
06:00:00,0,18,20,0,5,6,0,0,2,0,0,0,4,0,0,0,,
07:00:00,0,37,35,0,5,24,0,0,7,0,0,0,7,0,0,0,,
08:00:00,0,19,23,0,2,8,0,2,27,7,0,0,4,2,0,0,,
09:00:00,0,11,9,0,2,7,0,2,23,4,0,0,6,2,0,0,,
10:00:00,0,7,13,0,2,6,0,2,22,6,0,0,9,0,0,0,,
11:00:00,0,4,11,0,0,6,0,3,19,6,0,0,3,1,0,0,,
12:00:00,0,27,24,0,3,7,0,0,12,5,0,0,7,0,0,0,,
13:00:00,0,11,13,0,5,4,0,1,37,4,0,0,3,4,0,0,,
14:00:00,0,20,18,0,3,3,0,1,23,10,0,0,7,4,0,0,,
15:00:00,0,7,12,0,3,5,0,0,39,3,0,0,3,2,0,0,,
16:00:00,0,2,3,0,1,2,0,0,19,1,0,0,4,1,0,0,,
17:00:00,0,6,5,0,2,1,0,0,0,0,0,0,2,1,0,0,,
18:00:00,0,1,4,0,0,0,0,0,0,1,0,0,3,0,0,0,,
19:00:00,0,0,3,0,1,0,0,0,0,0,0,0,1,0,0,0,,
20:00:00,0,2,1,0,2,0,0,0,0,0,0,0,0,0,0,0,,
21:00:00,0,1,3,0,0,0,0,0,0,0,0,0,2,1,0,0,,
22:00:00,0,1,4,0,0,0,0,0,0,0,0,0,1,0,0,0,,
23:00:00,0,1,0,0,0,1,0,0,0,0,0,0,1,0,0,0,,
"Saturday, March 13, 2025",Mcl,Car,LGV,Bus,R2X,R3X,R4+X,A4-X,A5X,A6+X,AT5-X,AT6X,AT7+X,UC,CarLGV+T,Rigid+T,,
00:00:00,0,0,0,0,0,0,0,0,0,0,0,0,1,0,0,0,,
01:00:00,0,0,1,0,0,0,0,0,1,0,0,0,0,0,0,0,,
02:00:00,0,0,0,0,0,0,0,0,0,0,0,0,0,0,0,0,,
03:00:00,0,0,0,0,0,2,0,0,0,0,0,0,1,0,0,0,,
04:00:00,0,4,2,0,2,1,0,0,0,0,0,0,0,2,0,0,,
05:00:00,0,15,16,0,0,0,0,0,0,0,0,0,3,0,0,0,,
06:00:00,0,22,26,0,7,1,0,0,0,0,0,0,3,0,0,0,,
07:00:00,0,34,36,0,3,3,0,0,3,0,0,0,4,0,0,0,,
08:00:00,0,24,21,0,2,8,0,0,16,3,0,0,5,1,0,0,,
09:00:00,0,9,9,0,3,3,0,1,22,4,0,0,7,2,0,0,,
10:00:00,0,8,9,0,3,5,0,0,26,1,0,0,2,1,0,0,,
11:00:00,0,8,11,0,1,3,0,2,16,1,0,0,4,4,0,0,,
12:00:00,0,19,24,0,3,7,0,0,13,5,0,0,2,2,0,0,,
13:00:00,0,12,4,0,10,1,0,0,19,1,0,0,7,1,0,0,,
14:00:00,0,13,10,0,3,1,0,1,23,4,0,0,6,2,0,0,,
15:00:00,0,4,6,0,4,6,0,0,22,7,0,0,2,2,0,0,,
16:00:00,0,6,3,0,0,1,0,0,28,6,0,0,4,0,0,0,,
17:00:00,0,8,4,0,0,0,0,0,0,0,0,0,3,0,0,0,,
18:00:00,0,0,3,0,0,0,0,0,1,0,0,0,1,0,0,0,,
19:00:00,0,0,1,0,0,1,0,0,0,0,0,0,0,0,0,0,,
20:00:00,0,2,1,0,0,0,0,0,0,0,0,0,1,0,0,0,,
21:00:00,0,0,1,0,0,0,0,0,1,0,0,0,1,0,0,0,,
22:00:00,0,1,3,0,0,0,0,0,0,0,0,0,1,0,0,0,,
23:00:00,0,0,0,0,0,0,0,0,0,0,0,0,0,0,0,0,,
"Saturday, March 14, 2025",Mcl,Car,LGV,Bus,R2X,R3X,R4+X,A4-X,A5X,A6+X,AT5-X,AT6X,AT7+X,UC,CarLGV+T,Rigid+T,,
00:00:00,0,1,1,0,0,0,0,0,0,0,0,0,0,0,0,0,,
01:00:00,0,0,0,0,0,0,0,0,0,0,0,0,1,0,0,0,,
02:00:00,0,0,0,0,0,0,0,0,0,0,0,0,0,0,0,0,,
03:00:00,0,0,0,0,0,0,0,0,0,0,0,0,1,0,0,0,,
04:00:00,0,2,0,0,0,1,0,0,0,0,0,0,4,0,0,0,,
05:00:00,0,11,13,0,1,0,0,0,0,0,0,0,1,0,0,0,,
06:00:00,0,18,21,0,6,0,0,0,0,2,0,0,3,0,0,0,,
07:00:00,0,35,30,0,4,1,0,0,3,0,0,0,8,4,0,0,,
08:00:00,0,16,16,0,1,7,0,1,26,2,0,0,3,0,0,0,,
09:00:00,0,8,11,0,5,1,0,0,25,1,0,0,8,1,0,0,,
10:00:00,0,6,17,0,3,0,0,1,25,2,0,0,5,3,1,0,,
11:00:00,0,7,13,0,3,4,0,0,23,4,0,0,8,2,0,0,,
12:00:00,0,23,17,0,3,3,0,0,17,4,0,0,4,0,0,0,,
13:00:00,0,18,19,0,5,1,0,1,26,4,0,0,5,0,0,0,,
14:00:00,0,21,11,0,0,1,0,1,24,3,0,0,5,2,0,0,,
15:00:00,0,5,3,0,3,3,0,1,29,2,0,0,3,0,0,0,,
16:00:00,0,2,2,0,0,0,0,0,21,1,0,0,4,0,0,0,,
17:00:00,0,8,3,0,0,0,0,0,1,0,0,0,2,0,0,0,,
18:00:00,0,1,1,0,0,1,0,0,0,0,0,0,3,0,0,0,,
19:00:00,0,0,1,0,0,0,0,0,1,0,0,0,1,0,0,0,,
20:00:00,0,2,0,0,0,0,0,0,0,0,0,0,2,0,0,0,,
21:00:00,0,0,2,0,0,1,0,0,0,0,0,0,1,0,0,0,,
22:00:00,0,0,0,0,0,0,0,0,0,0,0,0,0,0,0,0,,
23:00:00,0,0,1,0,0,0,0,0,0,0,0,0,0,0,0,0,,
"Saturday, March 15, 2025",Mcl,Car,LGV,Bus,R2X,R3X,R4+X,A4-X,A5X,A6+X,AT5-X,AT6X,AT7+X,UC,CarLGV+T,Rigid+T,,
00:00:00,0,0,0,0,0,0,0,0,0,0,0,0,1,0,0,0,,
01:00:00,0,0,1,0,0,0,0,0,0,0,0,0,0,0,0,0,,
02:00:00,0,0,0,0,0,0,0,0,1,0,0,0,0,0,0,0,,
03:00:00,0,0,0,0,0,0,0,0,0,0,0,0,1,0,0,0,,
04:00:00,0,0,1,0,0,1,0,0,0,0,0,0,1,0,0,0,,
05:00:00,0,11,5,0,1,0,0,0,0,0,0,0,0,0,0,0,,
06:00:00,0,2,4,0,0,1,0,0,0,0,0,0,2,0,0,0,,
07:00:00,0,5,4,0,1,0,0,0,0,0,0,0,4,0,0,0,,
08:00:00,0,1,5,0,0,2,0,0,0,0,0,0,4,0,0,0,,
09:00:00,0,2,3,0,0,0,0,0,1,0,0,0,7,0,0,0,,
10:00:00,0,0,6,0,0,0,0,0,1,0,0,0,5,0,0,0,,
11:00:00,0,2,2,0,0,0,0,0,1,0,0,0,10,0,0,0,,
12:00:00,0,1,4,0,1,0,0,0,0,0,0,0,6,0,0,0,,
13:00:00,0,1,2,0,0,2,0,0,1,0,0,0,5,0,0,0,,
14:00:00,0,2,1,0,0,0,0,0,1,0,0,0,3,0,1,0,,
15:00:00,0,3,4,0,0,0,0,0,0,0,0,0,3,0,0,0,,
16:00:00,0,0,1,0,0,1,0,0,1,0,0,0,2,0,0,0,,
17:00:00,0,4,4,0,0,0,0,0,0,0,0,0,3,0,0,0,,
18:00:00,0,0,2,0,0,0,0,0,0,0,0,0,0,0,0,0,,
19:00:00,0,0,2,0,0,0,0,0,1,0,0,0,0,0,0,0,,
20:00:00,0,1,1,0,0,0,0,0,0,0,0,0,1,0,0,0,,
21:00:00,0,0,2,0,0,1,0,0,0,0,0,0,0,0,0,0,,
22:00:00,0,0,0,0,0,0,0,0,0,0,0,0,0,0,0,0,,
23:00:00,0,1,1,0,2,0,0,0,0,0,0,0,0,0,0,0,,
"Saturday, March 16, 2025",Mcl,Car,LGV,Bus,R2X,R3X,R4+X,A4-X,A5X,A6+X,AT5-X,AT6X,AT7+X,UC,CarLGV+T,Rigid+T,,
00:00:00,0,0,0,0,0,0,0,0,0,0,0,0,0,2,0,0,,
01:00:00,0,2,3,0,1,0,0,0,0,0,0,0,0,0,0,0,,
02:00:00,0,1,1,0,0,0,0,0,0,0,0,0,0,0,0,0,,
03:00:00,0,1,0,0,0,0,0,0,0,0,0,0,0,0,0,0,,
04:00:00,0,4,7,0,0,0,0,0,0,0,0,0,0,0,0,0,,
05:00:00,0,19,19,0,2,0,0,0,0,0,0,0,0,0,0,0,,
06:00:00,0,55,64,0,5,0,0,0,0,0,0,0,0,0,0,0,,
07:00:00,0,15,11,0,2,0,0,0,1,0,0,0,4,0,0,0,,
08:00:00,0,3,7,0,1,4,0,0,40,9,0,0,2,0,0,0,,
09:00:00,0,7,13,0,1,15,0,0,27,7,0,0,2,1,0,0,,
10:00:00,0,3,4,0,3,22,0,0,20,3,0,0,4,0,0,0,,
11:00:00,0,5,9,0,2,38,0,0,6,2,0,0,3,0,0,0,,
12:00:00,0,33,47,0,5,25,0,0,9,5,0,0,2,0,0,1,,
13:00:00,0,3,4,0,1,26,0,0,27,4,0,0,4,0,0,0,,
14:00:00,0,4,3,0,1,33,0,0,26,6,0,0,1,1,0,0,,
15:00:00,0,3,13,0,0,33,0,0,25,0,0,0,4,1,0,0,,
16:00:00,0,2,2,1,2,29,0,0,22,0,0,0,1,0,0,0,,
17:00:00,0,7,10,0,0,18,0,0,3,1,0,0,1,1,0,0,,
18:00:00,0,15,26,0,1,2,0,0,0,0,0,0,2,0,0,0,,
19:00:00,0,3,3,0,1,0,0,0,0,0,0,0,0,0,0,0,,
20:00:00,0,3,7,0,1,0,0,0,0,0,0,0,0,0,0,0,,
21:00:00,0,2,5,0,1,2,0,0,0,0,0,0,0,0,0,0,,
22:00:00,0,2,3,0,1,1,0,0,0,0,0,0,0,0,0,0,,
23:00:00,0,0,1,0,0,0,0,0,0,0,0,0,0,0,0,0,,
"Saturday, March 17, 2025",Mcl,Car,LGV,Bus,R2X,R3X,R4+X,A4-X,A5X,A6+X,AT5-X,AT6X,AT7+X,UC,CarLGV+T,Rigid+T,,
00:00:00,0,0,1,0,0,0,0,0,1,0,0,0,0,0,0,0,,
01:00:00,0,0,0,0,0,0,0,0,0,0,0,0,1,0,0,0,,
02:00:00,0,0,0,0,0,1,0,0,0,0,0,0,0,0,0,0,,
03:00:00,0,1,0,0,0,1,0,0,0,0,0,0,0,0,0,0,,
04:00:00,0,2,3,0,0,0,0,0,0,1,0,0,2,0,0,0,,
05:00:00,0,17,16,0,0,0,0,0,0,0,0,0,5,0,0,0,,
06:00:00,0,17,22,0,4,7,0,0,0,0,0,0,2,0,0,0,,
07:00:00,0,28,28,0,3,25,0,0,9,0,0,0,3,1,0,0,,
08:00:00,0,10,16,1,5,9,0,0,20,3,0,0,6,4,0,0,,
09:00:00,0,13,9,0,6,6,0,1,28,4,0,0,3,3,0,1,,
10:00:00,0,7,8,0,1,11,0,0,20,4,0,0,6,3,0,0,,
11:00:00,0,6,10,0,0,12,0,0,24,5,0,0,2,1,0,0,,
12:00:00,0,20,15,0,3,6,0,0,18,2,0,0,3,0,0,0,,
13:00:00,0,10,14,0,4,8,0,0,25,5,0,0,7,1,0,0,,
14:00:00,0,12,10,0,2,3,0,2,31,4,0,0,5,1,0,0,,
15:00:00,0,13,9,0,1,7,0,1,27,3,0,0,7,0,0,0,,
16:00:00,0,5,5,0,2,3,0,2,23,4,0,0,5,1,0,0,,
17:00:00,0,6,4,0,0,1,0,0,0,0,0,0,2,0,0,0,,
18:00:00,0,1,2,1,0,0,0,0,0,0,0,0,3,0,0,0,,
19:00:00,0,0,2,0,0,1,0,0,1,0,0,0,2,0,0,0,,
20:00:00,0,2,2,0,0,0,0,0,0,0,0,0,0,0,0,0,,
21:00:00,0,0,1,0,0,0,0,0,0,0,0,0,3,0,0,0,,
22:00:00,0,2,6,0,0,0,0,0,0,0,0,0,0,1,0,0,,
23:00:00,0,1,2,0,0,0,0,0,0,0,0,0,0,0,0,0,,
"Saturday, March 18, 2025",Mcl,Car,LGV,Bus,R2X,R3X,R4+X,A4-X,A5X,A6+X,AT5-X,AT6X,AT7+X,UC,CarLGV+T,Rigid+T,,
00:00:00,0,0,0,0,0,0,0,0,0,0,0,0,0,0,0,0,,
01:00:00,0,0,1,0,0,0,0,0,0,0,0,0,0,0,0,0,,
02:00:00,0,1,2,0,0,1,0,0,0,0,0,0,0,0,0,0,,
03:00:00,0,0,0,0,0,0,0,0,0,0,0,0,0,0,0,0,,
04:00:00,0,5,6,0,0,1,0,0,0,0,0,0,1,1,0,0,,
05:00:00,0,19,28,0,3,1,0,0,0,0,0,0,1,1,0,0,,
06:00:00,0,56,79,0,12,4,0,0,1,0,0,0,2,1,0,0,,
07:00:00,0,38,34,0,4,10,0,0,3,1,0,0,5,0,0,0,,
08:00:00,0,23,15,0,5,5,0,0,27,6,0,0,4,3,0,0,,
09:00:00,0,14,21,0,6,9,0,0,28,3,0,0,6,3,0,0,,
10:00:00,0,6,6,0,8,15,0,2,25,3,0,0,4,4,0,0,,
11:00:00,0,18,19,0,2,20,0,0,28,8,0,0,5,2,0,0,,
12:00:00,0,30,30,0,6,16,0,2,12,4,0,0,4,2,0,0,,
13:00:00,0,15,15,0,5,13,0,2,25,2,0,0,3,4,0,0,,
14:00:00,0,10,11,0,5,14,0,2,27,3,0,0,4,2,0,0,,
15:00:00,0,12,13,0,4,8,0,1,30,4,0,0,3,4,0,0,,
16:00:00,0,4,7,0,1,15,0,1,27,3,0,0,2,0,0,0,,
17:00:00,0,9,10,0,1,11,0,0,5,0,0,0,2,0,0,0,,
18:00:00,0,16,21,0,2,3,0,0,2,0,0,0,3,0,0,0,,
19:00:00,0,5,5,0,1,7,0,0,6,0,0,0,1,0,0,0,,
20:00:00,0,5,8,0,2,0,0,0,0,0,0,0,2,0,0,0,,
21:00:00,0,3,1,0,1,0,0,0,1,0,0,0,1,0,0,0,,
22:00:00,0,1,4,0,0,0,0,0,2,0,0,0,0,0,0,0,,
23:00:00,0,0,2,0,0,0,0,0,1,0,0,0,0,0,0,0,,
"Saturday, March 19, 2025",Mcl,Car,LGV,Bus,R2X,R3X,R4+X,A4-X,A5X,A6+X,AT5-X,AT6X,AT7+X,UC,CarLGV+T,Rigid+T,,
00:00:00,0,0,2,0,0,0,0,0,0,0,0,0,0,0,0,0,,
01:00:00,0,0,2,0,0,0,0,0,0,0,0,0,0,0,0,0,,
02:00:00,0,0,2,0,0,1,0,0,0,0,0,0,0,0,0,0,,
03:00:00,0,0,1,0,0,0,0,0,0,0,0,0,0,0,0,0,,
04:00:00,0,2,1,0,1,1,0,0,0,0,0,0,2,0,0,0,,
05:00:00,0,17,17,0,1,0,0,0,0,1,0,0,2,0,0,0,,
06:00:00,0,25,22,0,7,0,0,0,0,0,0,0,3,0,0,0,,
07:00:00,0,32,32,0,7,28,0,0,8,0,0,0,5,0,0,0,,
08:00:00,0,16,20,1,6,6,0,1,23,5,0,0,4,2,0,0,,
09:00:00,0,7,12,0,4,4,0,1,31,4,0,0,4,4,0,0,,
10:00:00,0,10,16,0,1,4,0,3,24,4,0,0,5,1,0,0,,
11:00:00,0,9,15,0,5,8,0,1,23,3,0,0,5,2,1,0,,
12:00:00,0,23,27,0,10,4,0,3,16,8,0,0,4,1,0,0,,
13:00:00,0,12,22,0,4,2,0,0,35,6,0,0,7,1,0,0,,
14:00:00,0,14,10,0,3,5,0,0,27,4,0,0,7,3,0,1,,
15:00:00,0,5,11,0,2,2,0,1,28,3,0,0,3,3,0,0,,
16:00:00,0,4,2,1,1,1,0,0,26,1,0,0,5,1,0,0,,
17:00:00,0,5,6,0,1,1,0,0,0,0,0,0,2,0,0,0,,
18:00:00,0,0,2,0,0,0,0,0,0,0,0,0,3,0,0,0,,
19:00:00,0,1,4,0,0,1,0,0,0,0,0,0,1,0,0,0,,
20:00:00,0,3,3,0,0,1,0,0,0,0,0,0,0,0,0,0,,
21:00:00,0,0,3,0,0,0,0,0,1,0,0,0,1,0,0,0,,
22:00:00,0,2,8,0,0,0,0,0,0,0,0,0,0,0,0,0,,
23:00:00,0,0,0,0,0,0,0,0,1,0,0,0,0,0,0,0,,
"Saturday, March 20, 2025",Mcl,Car,LGV,Bus,R2X,R3X,R4+X,A4-X,A5X,A6+X,AT5-X,AT6X,AT7+X,UC,CarLGV+T,Rigid+T,,
00:00:00,,,,,,,,,,,,,,,,,,
01:00:00,,,,,,,,,,,,,,,,,,
02:00:00,,,,,,,,,,,,,,,,,,
03:00:00,,,,,,,,,,,,,,,,,,
04:00:00,,,,,,,,,,,,,,,,,,
05:00:00,,,,,,,,,,,,,,,,,,
06:00:00,,,,,,,,,,,,,,,,,,
07:00:00,,,,,,,,,,,,,,,,,,
08:00:00,,,,,,,,,,,,,,,,,,
09:00:00,,,,,,,,,,,,,,,,,,
10:00:00,,,,,,,,,,,,,,,,,,
11:00:00,,,,,,,,,,,,,,,,,,
12:00:00,,,,,,,,,,,,,,,,,,
13:00:00,,,,,,,,,,,,,,,,,,
14:00:00,,,,,,,,,,,,,,,,,,
15:00:00,,,,,,,,,,,,,,,,,,
16:00:00,,,,,,,,,,,,,,,,,,
17:00:00,,,,,,,,,,,,,,,,,,
18:00:00,,,,,,,,,,,,,,,,,,
19:00:00,,,,,,,,,,,,,,,,,,
20:00:00,,,,,,,,,,,,,,,,,,
21:00:00,,,,,,,,,,,,,,,,,,
22:00:00,,,,,,,,,,,,,,,,,,
23:00:00,,,,,,,,,,,,,,,,,,
"Saturday, March 21, 2025",Mcl,Car,LGV,Bus,R2X,R3X,R4+X,A4-X,A5X,A6+X,AT5-X,AT6X,AT7+X,UC,CarLGV+T,Rigid+T,,
00:00:00,,,,,,,,,,,,,,,,,,
01:00:00,,,,,,,,,,,,,,,,,,
02:00:00,,,,,,,,,,,,,,,,,,
03:00:00,,,,,,,,,,,,,,,,,,
04:00:00,,,,,,,,,,,,,,,,,,
05:00:00,,,,,,,,,,,,,,,,,,
06:00:00,,,,,,,,,,,,,,,,,,
07:00:00,,,,,,,,,,,,,,,,,,
08:00:00,,,,,,,,,,,,,,,,,,
09:00:00,,,,,,,,,,,,,,,,,,
10:00:00,,,,,,,,,,,,,,,,,,
11:00:00,,,,,,,,,,,,,,,,,,
12:00:00,,,,,,,,,,,,,,,,,,
13:00:00,,,,,,,,,,,,,,,,,,
14:00:00,,,,,,,,,,,,,,,,,,
15:00:00,,,,,,,,,,,,,,,,,,
16:00:00,,,,,,,,,,,,,,,,,,
17:00:00,,,,,,,,,,,,,,,,,,
18:00:00,,,,,,,,,,,,,,,,,,
19:00:00,,,,,,,,,,,,,,,,,,
20:00:00,,,,,,,,,,,,,,,,,,
21:00:00,,,,,,,,,,,,,,,,,,
22:00:00,,,,,,,,,,,,,,,,,,
23:00:00,,,,,,,,,,,,,,,,,,
"Saturday, March 22, 2025",Mcl,Car,LGV,Bus,R2X,R3X,R4+X,A4-X,A5X,A6+X,AT5-X,AT6X,AT7+X,UC,CarLGV+T,Rigid+T,,
00:00:00,,,,,,,,,,,,,,,,,,
01:00:00,,,,,,,,,,,,,,,,,,
02:00:00,,,,,,,,,,,,,,,,,,
03:00:00,,,,,,,,,,,,,,,,,,
04:00:00,,,,,,,,,,,,,,,,,,
05:00:00,,,,,,,,,,,,,,,,,,
06:00:00,,,,,,,,,,,,,,,,,,
07:00:00,,,,,,,,,,,,,,,,,,
08:00:00,,,,,,,,,,,,,,,,,,
09:00:00,,,,,,,,,,,,,,,,,,
10:00:00,,,,,,,,,,,,,,,,,,
11:00:00,,,,,,,,,,,,,,,,,,
12:00:00,,,,,,,,,,,,,,,,,,
13:00:00,,,,,,,,,,,,,,,,,,
14:00:00,,,,,,,,,,,,,,,,,,
15:00:00,,,,,,,,,,,,,,,,,,
16:00:00,,,,,,,,,,,,,,,,,,
17:00:00,,,,,,,,,,,,,,,,,,
18:00:00,,,,,,,,,,,,,,,,,,
19:00:00,,,,,,,,,,,,,,,,,,
20:00:00,,,,,,,,,,,,,,,,,,
21:00:00,,,,,,,,,,,,,,,,,,
22:00:00,,,,,,,,,,,,,,,,,,
23:00:00,,,,,,,,,,,,,,,,,,
"Saturday, March 23, 2025",Mcl,Car,LGV,Bus,R2X,R3X,R4+X,A4-X,A5X,A6+X,AT5-X,AT6X,AT7+X,UC,CarLGV+T,Rigid+T,,
00:00:00,,,,,,,,,,,,,,,,,,
01:00:00,,,,,,,,,,,,,,,,,,
02:00:00,,,,,,,,,,,,,,,,,,
03:00:00,,,,,,,,,,,,,,,,,,
04:00:00,,,,,,,,,,,,,,,,,,
05:00:00,,,,,,,,,,,,,,,,,,
06:00:00,,,,,,,,,,,,,,,,,,
07:00:00,,,,,,,,,,,,,,,,,,
08:00:00,,,,,,,,,,,,,,,,,,
09:00:00,,,,,,,,,,,,,,,,,,
10:00:00,,,,,,,,,,,,,,,,,,
11:00:00,,,,,,,,,,,,,,,,,,
12:00:00,,,,,,,,,,,,,,,,,,
13:00:00,,,,,,,,,,,,,,,,,,
14:00:00,,,,,,,,,,,,,,,,,,
15:00:00,,,,,,,,,,,,,,,,,,
16:00:00,,,,,,,,,,,,,,,,,,
17:00:00,,,,,,,,,,,,,,,,,,
18:00:00,,,,,,,,,,,,,,,,,,
19:00:00,,,,,,,,,,,,,,,,,,
20:00:00,,,,,,,,,,,,,,,,,,
21:00:00,,,,,,,,,,,,,,,,,,
22:00:00,,,,,,,,,,,,,,,,,,
23:00:00,,,,,,,,,,,,,,,,,,
"Saturday, March 24, 2025",Mcl,Car,LGV,Bus,R2X,R3X,R4+X,A4-X,A5X,A6+X,AT5-X,AT6X,AT7+X,UC,CarLGV+T,Rigid+T,,
00:00:00,,,,,,,,,,,,,,,,,,
01:00:00,,,,,,,,,,,,,,,,,,
02:00:00,,,,,,,,,,,,,,,,,,
03:00:00,,,,,,,,,,,,,,,,,,
04:00:00,,,,,,,,,,,,,,,,,,
05:00:00,,,,,,,,,,,,,,,,,,
06:00:00,,,,,,,,,,,,,,,,,,
07:00:00,,,,,,,,,,,,,,,,,,
08:00:00,,,,,,,,,,,,,,,,,,
09:00:00,,,,,,,,,,,,,,,,,,
10:00:00,,,,,,,,,,,,,,,,,,
11:00:00,,,,,,,,,,,,,,,,,,
12:00:00,,,,,,,,,,,,,,,,,,
13:00:00,,,,,,,,,,,,,,,,,,
14:00:00,,,,,,,,,,,,,,,,,,
15:00:00,,,,,,,,,,,,,,,,,,
16:00:00,,,,,,,,,,,,,,,,,,
17:00:00,,,,,,,,,,,,,,,,,,
18:00:00,,,,,,,,,,,,,,,,,,
19:00:00,,,,,,,,,,,,,,,,,,
20:00:00,,,,,,,,,,,,,,,,,,
21:00:00,,,,,,,,,,,,,,,,,,
22:00:00,,,,,,,,,,,,,,,,,,
23:00:00,,,,,,,,,,,,,,,,,,
"Saturday, March 25, 2025",Mcl,Car,LGV,Bus,R2X,R3X,R4+X,A4-X,A5X,A6+X,AT5-X,AT6X,AT7+X,UC,CarLGV+T,Rigid+T,,
00:00:00,,,,,,,,,,,,,,,,,,
01:00:00,,,,,,,,,,,,,,,,,,
02:00:00,,,,,,,,,,,,,,,,,,
03:00:00,,,,,,,,,,,,,,,,,,
04:00:00,,,,,,,,,,,,,,,,,,
05:00:00,,,,,,,,,,,,,,,,,,
06:00:00,,,,,,,,,,,,,,,,,,
07:00:00,,,,,,,,,,,,,,,,,,
08:00:00,,,,,,,,,,,,,,,,,,
09:00:00,,,,,,,,,,,,,,,,,,
10:00:00,,,,,,,,,,,,,,,,,,
11:00:00,,,,,,,,,,,,,,,,,,
12:00:00,,,,,,,,,,,,,,,,,,
13:00:00,,,,,,,,,,,,,,,,,,
14:00:00,,,,,,,,,,,,,,,,,,
15:00:00,,,,,,,,,,,,,,,,,,
16:00:00,,,,,,,,,,,,,,,,,,
17:00:00,,,,,,,,,,,,,,,,,,
18:00:00,,,,,,,,,,,,,,,,,,
19:00:00,,,,,,,,,,,,,,,,,,
20:00:00,,,,,,,,,,,,,,,,,,
21:00:00,,,,,,,,,,,,,,,,,,
22:00:00,,,,,,,,,,,,,,,,,,
23:00:00,,,,,,,,,,,,,,,,,,
"Saturday, March 26, 2025",Mcl,Car,LGV,Bus,R2X,R3X,R4+X,A4-X,A5X,A6+X,AT5-X,AT6X,AT7+X,UC,CarLGV+T,Rigid+T,,
00:00:00,,,,,,,,,,,,,,,,,,
01:00:00,,,,,,,,,,,,,,,,,,
02:00:00,,,,,,,,,,,,,,,,,,
03:00:00,,,,,,,,,,,,,,,,,,
04:00:00,,,,,,,,,,,,,,,,,,
05:00:00,,,,,,,,,,,,,,,,,,
06:00:00,,,,,,,,,,,,,,,,,,
07:00:00,,,,,,,,,,,,,,,,,,
08:00:00,,,,,,,,,,,,,,,,,,
09:00:00,,,,,,,,,,,,,,,,,,
10:00:00,,,,,,,,,,,,,,,,,,
11:00:00,,,,,,,,,,,,,,,,,,
12:00:00,,,,,,,,,,,,,,,,,,
13:00:00,,,,,,,,,,,,,,,,,,
14:00:00,,,,,,,,,,,,,,,,,,
15:00:00,,,,,,,,,,,,,,,,,,
16:00:00,,,,,,,,,,,,,,,,,,
17:00:00,,,,,,,,,,,,,,,,,,
18:00:00,,,,,,,,,,,,,,,,,,
19:00:00,,,,,,,,,,,,,,,,,,
20:00:00,,,,,,,,,,,,,,,,,,
21:00:00,,,,,,,,,,,,,,,,,,
22:00:00,,,,,,,,,,,,,,,,,,
23:00:00,,,,,,,,,,,,,,,,,,
"Saturday, March 27, 2025",Mcl,Car,LGV,Bus,R2X,R3X,R4+X,A4-X,A5X,A6+X,AT5-X,AT6X,AT7+X,UC,CarLGV+T,Rigid+T,,
00:00:00,,,,,,,,,,,,,,,,,,
01:00:00,,,,,,,,,,,,,,,,,,
02:00:00,,,,,,,,,,,,,,,,,,
03:00:00,,,,,,,,,,,,,,,,,,
04:00:00,,,,,,,,,,,,,,,,,,
05:00:00,,,,,,,,,,,,,,,,,,
06:00:00,,,,,,,,,,,,,,,,,,
07:00:00,,,,,,,,,,,,,,,,,,
08:00:00,,,,,,,,,,,,,,,,,,
09:00:00,,,,,,,,,,,,,,,,,,
10:00:00,,,,,,,,,,,,,,,,,,
11:00:00,,,,,,,,,,,,,,,,,,
12:00:00,,,,,,,,,,,,,,,,,,
13:00:00,,,,,,,,,,,,,,,,,,
14:00:00,,,,,,,,,,,,,,,,,,
15:00:00,,,,,,,,,,,,,,,,,,
16:00:00,,,,,,,,,,,,,,,,,,
17:00:00,,,,,,,,,,,,,,,,,,
18:00:00,,,,,,,,,,,,,,,,,,
19:00:00,,,,,,,,,,,,,,,,,,
20:00:00,,,,,,,,,,,,,,,,,,
21:00:00,,,,,,,,,,,,,,,,,,
22:00:00,,,,,,,,,,,,,,,,,,
23:00:00,,,,,,,,,,,,,,,,,,
"Saturday, March 28, 2025",Mcl,Car,LGV,Bus,R2X,R3X,R4+X,A4-X,A5X,A6+X,AT5-X,AT6X,AT7+X,UC,CarLGV+T,Rigid+T,,
00:00:00,,,,,,,,,,,,,,,,,,
01:00:00,,,,,,,,,,,,,,,,,,
02:00:00,,,,,,,,,,,,,,,,,,
03:00:00,,,,,,,,,,,,,,,,,,
04:00:00,,,,,,,,,,,,,,,,,,
05:00:00,,,,,,,,,,,,,,,,,,
06:00:00,,,,,,,,,,,,,,,,,,
07:00:00,,,,,,,,,,,,,,,,,,
08:00:00,,,,,,,,,,,,,,,,,,
09:00:00,,,,,,,,,,,,,,,,,,
10:00:00,,,,,,,,,,,,,,,,,,
11:00:00,,,,,,,,,,,,,,,,,,
12:00:00,,,,,,,,,,,,,,,,,,
13:00:00,,,,,,,,,,,,,,,,,,
14:00:00,,,,,,,,,,,,,,,,,,
15:00:00,,,,,,,,,,,,,,,,,,
16:00:00,,,,,,,,,,,,,,,,,,
17:00:00,,,,,,,,,,,,,,,,,,
18:00:00,,,,,,,,,,,,,,,,,,
19:00:00,,,,,,,,,,,,,,,,,,
20:00:00,,,,,,,,,,,,,,,,,,
21:00:00,,,,,,,,,,,,,,,,,,
22:00:00,,,,,,,,,,,,,,,,,,
23:00:00,,,,,,,,,,,,,,,,,,
"Saturday, March 29, 2025",Mcl,Car,LGV,Bus,R2X,R3X,R4+X,A4-X,A5X,A6+X,AT5-X,AT6X,AT7+X,UC,CarLGV+T,Rigid+T,,
00:00:00,,,,,,,,,,,,,,,,,,
01:00:00,,,,,,,,,,,,,,,,,,
02:00:00,,,,,,,,,,,,,,,,,,
03:00:00,,,,,,,,,,,,,,,,,,
04:00:00,,,,,,,,,,,,,,,,,,
05:00:00,,,,,,,,,,,,,,,,,,
06:00:00,,,,,,,,,,,,,,,,,,
07:00:00,,,,,,,,,,,,,,,,,,
08:00:00,,,,,,,,,,,,,,,,,,
09:00:00,,,,,,,,,,,,,,,,,,
10:00:00,,,,,,,,,,,,,,,,,,
11:00:00,,,,,,,,,,,,,,,,,,
12:00:00,,,,,,,,,,,,,,,,,,
13:00:00,,,,,,,,,,,,,,,,,,
14:00:00,,,,,,,,,,,,,,,,,,
15:00:00,,,,,,,,,,,,,,,,,,
16:00:00,,,,,,,,,,,,,,,,,,
17:00:00,,,,,,,,,,,,,,,,,,
18:00:00,,,,,,,,,,,,,,,,,,
19:00:00,,,,,,,,,,,,,,,,,,
20:00:00,,,,,,,,,,,,,,,,,,
21:00:00,,,,,,,,,,,,,,,,,,
22:00:00,,,,,,,,,,,,,,,,,,
23:00:00,,,,,,,,,,,,,,,,,,
"Saturday, March 30, 2025",Mcl,Car,LGV,Bus,R2X,R3X,R4+X,A4-X,A5X,A6+X,AT5-X,AT6X,AT7+X,UC,CarLGV+T,Rigid+T,,
00:00:00,,,,,,,,,,,,,,,,,,
01:00:00,,,,,,,,,,,,,,,,,,
02:00:00,,,,,,,,,,,,,,,,,,
03:00:00,,,,,,,,,,,,,,,,,,
04:00:00,,,,,,,,,,,,,,,,,,
05:00:00,,,,,,,,,,,,,,,,,,
06:00:00,,,,,,,,,,,,,,,,,,
07:00:00,,,,,,,,,,,,,,,,,,
08:00:00,,,,,,,,,,,,,,,,,,
09:00:00,,,,,,,,,,,,,,,,,,
10:00:00,,,,,,,,,,,,,,,,,,
11:00:00,,,,,,,,,,,,,,,,,,
12:00:00,,,,,,,,,,,,,,,,,,
13:00:00,,,,,,,,,,,,,,,,,,
14:00:00,,,,,,,,,,,,,,,,,,
15:00:00,,,,,,,,,,,,,,,,,,
16:00:00,,,,,,,,,,,,,,,,,,
17:00:00,,,,,,,,,,,,,,,,,,
18:00:00,,,,,,,,,,,,,,,,,,
19:00:00,,,,,,,,,,,,,,,,,,
20:00:00,,,,,,,,,,,,,,,,,,
21:00:00,,,,,,,,,,,,,,,,,,
22:00:00,,,,,,,,,,,,,,,,,,
23:00:00,,,,,,,,,,,,,,,,,,
"Saturday, March 31, 2025",Mcl,Car,LGV,Bus,R2X,R3X,R4+X,A4-X,A5X,A6+X,AT5-X,AT6X,AT7+X,UC,CarLGV+T,Rigid+T,,
00:00:00,,,,,,,,,,,,,,,,,,
01:00:00,,,,,,,,,,,,,,,,,,
02:00:00,,,,,,,,,,,,,,,,,,
03:00:00,,,,,,,,,,,,,,,,,,
04:00:00,,,,,,,,,,,,,,,,,,
05:00:00,,,,,,,,,,,,,,,,,,
06:00:00,,,,,,,,,,,,,,,,,,
07:00:00,,,,,,,,,,,,,,,,,,
08:00:00,,,,,,,,,,,,,,,,,,
09:00:00,,,,,,,,,,,,,,,,,,
10:00:00,,,,,,,,,,,,,,,,,,
11:00:00,,,,,,,,,,,,,,,,,,
12:00:00,,,,,,,,,,,,,,,,,,
13:00:00,,,,,,,,,,,,,,,,,,
14:00:00,,,,,,,,,,,,,,,,,,
15:00:00,,,,,,,,,,,,,,,,,,
16:00:00,,,,,,,,,,,,,,,,,,
17:00:00,,,,,,,,,,,,,,,,,,
18:00:00,,,,,,,,,,,,,,,,,,
19:00:00,,,,,,,,,,,,,,,,,,
20:00:00,,,,,,,,,,,,,,,,,,
21:00:00,,,,,,,,,,,,,,,,,,
22:00:00,,,,,,,,,,,,,,,,,,
23:00:00,,,,,,,,,,,,,,,,,,